enzymes	Km	Km.std	Vmax	Vmax.std	kcat	kcat.std	Km.M	kcat.sec	cat.effic	cat.effic.std
Protein3	89.2034302997588	128.511183434344	817.702677032817	1138.61915248963	33.0983766601883	46.0882012987389	0.0892034302997588	0.551639611003138	6.18406275576411	844.283039224778
