enzymes	Km	Km.std	Vmax	Vmax.std	kcat	kcat.std	Km.M	kcat.sec	cat.effic	cat.effic.std
Protein3	61.9422405	18.86532648	576.1182024	168.5123766	23.31969529	6.820921917	0.061942241	0.388661588	6.274580722	125.8715173