enzymes	Km	Km.std	Vmax	Vmax.std	kcat	kcat.std	Km.M	Km.M.std	cat.effic	cat.effic.std
Protein3	59.8261865654543	7.6971155351742	0.00513070213206724	0.000322926554129962	0.25351024985438	0.0159559431272452	0.0598261865654543	0.0076971155351742	4.2374462490104	0.0750683317273701
