enzymes	Km	Km.std	Vmax	Vmax.std	kcat	kcat.std	Km.M	Km.M.std	cat.effic	cat.effic.std
Protein3	59.8366158341012	8.09455554619753	0.00513057182097326	0.000339108973941307	0.25350381112589	0.0167555236103885	0.0598366158341012	0.00809455554619753	4.23660007492297	0.0788359902952158
