training_mean,training_sd,testing_mean,testing_sd
0.2497088135617459,0.010721621591575024,0.24704322595673972,0.03222694625809771
