nams,mean_value,sd_value
P20_WP_139652913.1,0.8617271980279375,0.19436225721842326
P21_HTS94301.1,0.549685,0.08161669596387776
P22_MDH3205452.1,0.43453,0.06149934364909328
P23_PYN88313.1,0.580949,0.09431828209492228
P24_MBS6900484.1,0.389779,0.05500597982780433
